,,
84,69123,lyon
93,6088,nice
93,13055,marseille
75,33063,bordeaux
93,6029,cannes
76,34172,montpellier
76,31555,toulouse
93,13001,aix-en-provence
75,17300,la-rochelle
27,70450,la-rochelle
93,6004,antibes
32,59350,lille
44,67482,strasbourg
52,44109,nantes
93,84007,avignon
75,64122,biarritz
94,2A247,porto-vecchio
84,74056,chamonix-mont-blanc
53,35288,saint-malo
84,74010,annecy
75,24493,saint-raphael
93,83118,saint-raphael
93,83137,toulon
94,2A004,ajaccio
53,35238,rennes
84,38185,grenoble
11,92012,boulogne-billancourt
76,30189,nimes
75,33529,la-teste-de-buch
76,34003,agde
75,64024,anglet
52,72181,le-mans
76,66136,perpignan
75,19235,saint-paul
75,33458,saint-paul
32,60591,saint-paul
28,61443,saint-paul
76,65394,saint-paul
84,73269,saint-paul
93,83061,frejus
93,83069,hyeres
75,87174,saint-paul
44,88431,saint-paul
2,972009,fort-de-france
4,974015,saint-paul
93,13028,la-ciotat
75,33009,arcachon
76,34301,sete
24,37261,tours
75,64102,bayonne
27,21231,dijon
84,42218,saint-etienne
52,49007,angers
84,69266,villeurbanne
93,83115,sainte-maxime
93,6083,menton
76,11069,carcassonne
53,29019,brest
94,2B033,bastia
75,33214,lacanau
52,44055,la-baule-escoublac
53,56260,vannes
84,74191,morzine
28,76540,rouen
1,971025,saint-francois
93,6027,cagnes-sur-mer
28,14118,caen
75,17306,royan
75,40065,capbreton
53,56121,lorient
84,63113,clermont-ferrand
75,64483,saint-jean-de-luz
84,73054,bourg-saint-maurice
93,83119,saint-tropez
93,83129,six-fours-les-plages
93,6079,mandelieu-la-napoule
93,6155,vallauris
27,25513,sainte-anne
76,32357,sainte-anne
24,41200,sainte-anne
44,68066,colmar
84,73296,tignes
84,74173,megeve
93,83126,la-seyne-sur-mer
52,85194,les-sables-d-olonne
11,92026,courbevoie
11,92044,levallois-perret
11,92051,neuilly-sur-seine
1,971013,le-gosier
1,971028,sainte-anne
2,972026,sainte-anne
93,6030,le-cannet
93,6069,grasse
76,11262,narbonne
93,13022,cassis
28,14715,trouville-sur-mer
75,24520,sarlat-la-caneda
53,29232,quimper
94,2B050,calvi
76,30133,le-grau-du-roi
76,34344,la-grande-motte
75,40046,biscarrosse
44,51454,reims
76,66037,canet-en-roussillon
84,74236,saint-gervais-les-bains
28,76351,le-havre
11,78646,versailles
93,83036,cavalaire-sur-mer
93,83068,grimaud
93,83070,le-lavandou
93,83107,roquebrune-sur-argens
93,83123,sanary-sur-mer
11,92024,clichy
11,94080,vincennes
93,5023,briancon
93,5061,gap
93,6104,roquebrune-cap-martin
93,6159,villefranche-sur-mer
93,6161,villeneuve-loubet
93,13100,saint-remy-de-provence
28,14220,deauville
28,14333,honfleur
75,33199,gujan-mestras
76,34032,beziers
53,35093,dinard
75,40296,seignosse
75,40304,soorts-hossegor
24,41226,saint-ouen
24,45234,orleans
44,54395,nancy
32,62826,le-touquet-paris-plage
75,64125,bidart
75,64260,hendaye
75,64445,pau
76,66017,le-barcares
32,80711,saint-ouen
76,81004,albi
93,83009,bandol
93,83019,bormes-les-mimosas
93,83112,saint-cyr-sur-mer
75,86194,poitiers
11,92004,asnieres-sur-seine
11,92040,issy-les-moulineaux
11,93055,pantin
11,93070,saint-ouen
2,972031,les-trois-ilets
84,3310,vichy
93,4019,barcelonnette
93,6012,beausoleil
93,6085,mougins
93,6157,vence
76,11339,saint-denis
75,16015,angouleme
75,16216,merignac
75,17229,merignac
53,22278,saint-brieuc
75,24037,bergerac
75,24322,perigueux
27,25056,besancon
94,2A362,zonza
76,30247,saint-denis
76,30351,villeneuve-les-avignon
76,31042,bagneres-de-luchon
75,33005,andernos-les-bains
75,33281,merignac
75,33522,talence
76,34154,mauguio
76,34192,palavas-les-flots
75,40184,mimizan
52,44131,pornic
52,44132,pornichet
53,56034,carnac
44,57463,metz
75,64189,ciboure
76,66053,collioure
84,73008,aix-les-bains
84,73015,les-allues
84,73065,chambery
84,74080,la-clusaz
84,74143,les-houches
84,74281,thonon-les-bains
93,83042,cogolin
93,83048,la-croix-valmer
93,83071,la-londe-les-maures
11,92049,montrouge
11,92062,puteaux
11,93066,saint-denis
11,94041,ivry-sur-seine
1,971029,sainte-rose
4,974011,saint-denis
4,974019,sainte-rose
93,6123,saint-laurent-du-var
93,6138,theoule-sur-mer
93,6152,valbonne
44,10387,troyes
76,11170,gruissan
76,12145,millau
28,14117,cabourg
75,17360,sainte-marie-de-re
27,21054,beaune
84,26198,montelimar
53,29039,concarneau
94,2A249,propriano
76,30011,les-angles
76,30334,uzes
75,33011,ares
75,33318,pessac
76,34108,frontignan
76,34324,valras-plage
84,38191,huez
84,38414,sainte-luce
84,38548,villard-de-lans
24,41018,blois
84,43157,le-puy-en-velay
53,56186,quiberon
53,56240,sarzeau
44,57618,saint-louis
75,64545,urrugne
76,65011,les-angles
76,65138,cauterets
76,65388,saint-lary-soulan
76,65440,tarbes
76,66004,les-angles
44,68297,saint-louis
84,69034,caluire-et-cuire
84,73248,saint-jean-de-maurienne
84,74134,les-gets
28,76217,dieppe
32,80021,amiens
76,82121,montauban
93,83034,carqueiranne
93,83101,ramatuelle
93,84035,cavaillon
93,84050,gordes
52,85047,challans
52,85234,saint-jean-de-monts
52,85294,la-tranche-sur-mer
75,87085,limoges
44,88196,gerardmer
11,92025,colombes
11,92050,nanterre
11,92073,suresnes
11,93001,aubervilliers
11,93006,bagnolet
11,93045,les-lilas
11,94076,villejuif
1,971001,les-abymes
1,971017,le-moule
1,971018,petit-bourg
1,971026,saint-louis
2,972017,le-marin
2,972020,riviere-pilote
2,972027,sainte-luce
4,974013,saint-leu
4,974014,saint-louis
4,974022,le-tampon
84,1160,ferney-voltaire
32,2316,fleury
93,4006,allos
93,4112,manosque
93,5046,embrun
93,5079,le-monetier-les-bains
93,5085,montgenevre
93,5110,puy-saint-vincent
93,5133,saint-chaffrey
93,5177,vars
93,6018,biot
93,6044,la-colle-sur-loup
93,6128,saint-paul-de-vence
93,6148,tourrettes-sur-loup
84,7019,aubenas
76,11145,fleury
76,11202,leucate
76,12202,rodez
93,13005,aubagne
93,13021,carry-le-rouet
93,13032,eguilles
93,13056,martigues
93,13096,saintes-maries-de-la-mer
93,13103,salon-de-provence
93,13104,sausset-les-pins
28,14047,bayeux
28,14754,villers-sur-mer
84,15014,aurillac
75,16393,vars
75,17051,le-bois-plage-en-re
75,17121,la-couarde-sur-mer
75,17161,la-flotte
75,17225,les-mathes
75,17299,rochefort
75,17333,saint-georges-de-didonne
75,17369,saint-martin-de-re
75,17380,saint-palais-sur-mer
75,17415,saintes
24,18033,bourges
75,19031,brive-la-gaillarde
53,22050,dinan
53,22113,lannion
53,22162,paimpol
53,22168,perros-guirec
53,22186,pleneuf-val-andre
53,22282,saint-cast-le-guildo
24,28085,chartres
53,29042,crozon
53,29046,douarnenez
53,29058,fouesnant
94,2A041,bonifacio
94,2A130,grosseto-prugna
94,2B096,corte
94,2B150,lumio
94,2B298,saint-florent
76,30003,aigues-mortes
76,30007,ales
76,32238,marseillan
75,33069,le-bouscat
75,33097,carcans
75,33203,hourtin
75,33449,saint-medard-en-jalles
75,33514,soulac-sur-mer
76,34057,castelnau-le-lez
76,34129,lattes
76,34150,marseillan
76,34199,pezenas
53,35049,cancale
24,37003,amboise
84,38206,laval
84,38567,chamrousse
75,40088,dax
75,40133,labenne
75,40187,moliets-et-maa
75,40310,soustons
75,40312,tarnos
75,40328,vieux-boucau-les-bains
52,44069,guerande
52,44135,le-pouliguen
52,44154,saint-brevin-les-pins
24,45277,saint-florent
76,46042,cahors
75,47001,agen
52,49099,cholet
52,49328,saumur
28,50185,fleury
28,50218,granville
52,53130,laval
53,56005,arzon
53,56007,auray
53,56107,larmor-plage
53,56152,le-palais
53,56162,ploemeur
44,57218,fleury
32,59183,dunkerque
32,59368,la-madeleine
32,60239,fleury
32,62041,arras
32,62108,berck
32,62339,fleury
32,62893,wimereux
84,63047,la-bourboule
75,64249,guethary
76,65059,bagneres-de-bigorre
76,65286,lourdes
76,65301,marseillan
76,66020,bolquere
44,68224,mulhouse
84,69149,oullins
27,70523,vars
27,71076,chalon-sur-saone
84,73176,montvalezan
84,73197,peisey-nancroix
84,73214,rochefort
84,73306,valloire
84,74012,annemasse
84,74083,combloux
84,74085,les-contamines-montjoie
84,74136,le-grand-bornand
84,74256,sallanches
84,74258,samoens
11,77186,fontainebleau
11,77449,serris
11,78551,saint-germain-en-laye
75,79191,niort
32,80317,fleury
93,83046,cotignac
93,83050,draguignan
93,83055,fayence
93,83065,gassin
93,83072,lorgues
93,83081,montauroux
93,83094,le-plan-de-la-tour
93,83098,le-pradet
93,83153,saint-mandrier-sur-mer
93,84003,apt
93,84031,carpentras
93,84087,orange
93,84088,pernes-les-fontaines
93,84089,pertuis
93,84118,saint-saturnin-les-apt
93,84137,vaison-la-romaine
52,85166,olonne-sur-mer
52,85191,la-roche-sur-yon
52,85222,saint-gilles-croix-de-vie
52,85226,saint-hilaire-de-riez
44,88075,la-bresse
11,92002,antony
11,92023,clamart
11,92046,malakoff
11,92048,meudon
11,92063,rueil-malmaison
11,92064,saint-cloud
11,92075,vanves
11,93051,noisy-le-grand
11,93061,le-pre-saint-gervais
11,94002,alfortville
11,94003,arcueil
11,94018,charenton-le-pont
11,94033,fontenay-sous-bois
11,94043,le-kremlin-bicetre
11,94046,maisons-alfort
11,94067,saint-mande
11,94068,saint-maur-des-fosses
11,94081,vitry-sur-seine
1,971003,baie-mahault
1,971006,bouillante
1,971021,pointe-noire
2,972032,le-vauclin
3,973002,cayenne
32,2043,bagneux
32,2142,castres
32,2647,ribeauville
84,3015,bagneux
84,3185,montlucon
93,4041,le-castellet
93,4070,digne-les-bains
93,4088,forcalquier
93,4092,la-garde
93,5096,orcieres
93,5119,risoul
93,6011,beaulieu-sur-mer
93,6065,la-gaude
93,6073,isola
93,6084,mouans-sartoux
93,6121,saint-jean-cap-ferrat
93,6127,saint-martin-vesubie
84,7201,ruoms
84,7288,saint-priest
44,8105,charleville-mezieres
76,9032,ax-les-thermes
93,13015,bouc-bel-air
93,13033,ensues-la-redonne
93,13034,eygalieres
93,13040,fuveau
93,13047,istres
93,13050,lambesc
93,13053,mallemort
93,13058,maussane-les-alpilles
28,14079,blonville-sur-mer
28,14191,courseulles-sur-mer
28,14338,houlgate
28,14488,ouistreham
75,16102,cognac
75,17019,ars-en-re
75,17168,fouras
75,17297,rivedoux-plage
75,17452,la-tremblade
75,17461,vaux-sur-mer
27,21407,messanges
53,22054,erquy
53,22198,pleumeur-bodou
53,22325,saint-quay-portrieux
53,22343,trebeurden
75,23234,saint-priest
75,24291,montignac
84,26108,crest
84,26220,nyons
53,29006,benodet
53,29031,clohars-carnoet
53,29135,loctudy
53,29150,moelan-sur-mer
53,29151,morlaix
53,29239,roscoff
94,2A092,conca
94,2A098,coti-chiavari
94,2A189,olmeto
94,2A228,pietrosella
94,2A269,sari-solenzara
94,2A272,sartene
94,2B042,borgo
94,2B049,calenzana
94,2B123,ghisonaccia
94,2B313,san-nicolao
76,30032,beaucaire
76,30217,rochefort-du-gard
76,32013,auch
76,32035,beaucaire
75,33039,begles
75,33075,bruges
75,33119,cenon
75,33162,eysines
75,33192,gradignan
75,33229,lanton
75,33240,lesparre-medoc
75,33243,libourne
75,33292,montignac
75,33527,le-teich
76,34023,balaruc-les-bains
76,34145,lunel
76,34157,meze
76,34332,vias
76,34337,villeneuve-les-maguelone
53,35287,saint-lunaire
24,36011,bagneux
84,38177,la-garde
84,38344,roussillon
84,38544,vienne
75,40181,messanges
75,40192,mont-de-marsan
52,44049,le-croisic
52,44162,saint-herblain
52,44211,la-turballe
76,46102,figeac
75,47323,villeneuve-sur-lot
28,50058,blainville-sur-mer
44,51032,bagneux
44,54041,bagneux
53,56003,arradon
53,56008,baden
53,56054,erdeven
53,56069,groix
53,56234,saint-pierre-quiberon
53,56258,la-trinite-sur-mer
32,59512,roubaix
32,59599,tourcoing
32,60057,beauvais
32,62160,boulogne-sur-mer
32,62193,calais
84,63236,mont-dore
75,64065,ascain
75,64495,saint-pee-sur-nivelle
76,65295,luz-saint-sauveur
76,65321,montignac
76,66049,ceret
76,66064,egat
44,67447,schiltigheim
44,68269,ribeauville
84,69029,bron
84,69244,tassin-la-demi-lune
84,69259,venissieux
84,69275,decines-charpieu
84,69282,meyzieu
84,69290,saint-priest
27,71344,passy
84,73057,brides-les-bains
84,73206,pralognan-la-vanoise
84,73227,courchevel
84,73232,sainte-foy-tarentaise
84,74081,cluses
84,74104,doussard
84,74119,evian-les-bains
84,74208,passy
84,74242,saint-jorioz
84,74299,veyrier-du-lac
28,76259,fecamp
28,76415,massy
11,77058,bussy-saint-georges
32,80721,saint-valery-sur-somme
76,81065,castres
93,83016,le-beausset
93,83035,le-castellet
93,83047,la-crau
93,83062,la-garde
93,83063,la-garde-freinet
93,83086,le-muy
93,83090,ollioules
93,83116,saint-maximin-la-sainte-baume
93,83144,la-valette-du-var
93,83148,vidauban
93,84017,bedoin
93,84020,bonnieux
93,84068,lourmarin
93,84069,malaucene
93,84072,mazan
93,84099,robion
93,84102,roussillon
93,84129,sorgues
93,84132,le-thor
52,85035,bretignolles-sur-mer
52,85114,jard-sur-mer
52,85127,longeville-sur-mer
52,85307,la-faute-sur-mer
44,88531,xonrupt-longemer
27,89024,auxerre
27,89291,passy
27,90010,belfort
11,91377,massy
11,92007,bagneux
11,92009,bois-colombes
11,92035,la-garenne-colombes
11,93005,aulnay-sous-bois
11,94016,cachan
11,94017,champigny-sur-marne
11,94022,choisy-le-roi
11,94037,gentilly
11,94052,nogent-sur-marne
11,94058,le-perreux-sur-marne
11,95018,argenteuil
11,95127,cergy
1,971005,basse-terre
1,971007,capesterre-belle-eau
1,971012,grand-bourg
2,972010,le-francois
2,972013,le-lamentin
2,972022,le-robert
4,974001,les-avirons
93,4094,greoux-les-bains
93,4181,saint-jeannet
93,6094,peone
93,6095,peymeinade
93,6122,saint-jeannet
93,13002,allauch
93,13023,ceyreste
93,13082,rognes
93,13108,tarascon
93,13113,venelles
93,13114,ventabren
75,17200,lagord
75,17318,saint-clement-des-baleines
53,22353,tregastel
28,27229,evreux
53,29003,audierne
53,29023,carantec
53,29185,plouescat
53,29188,plougasnou
53,29197,plouhinec
94,2A048,calcatoggio
94,2B043,brando
94,2B087,cervione
94,2B168,monticello
94,2B185,oletta
76,30028,bagnols-sur-ceze
76,30202,pont-saint-esprit
76,31069,blagnac
76,31149,colomiers
75,33051,biganos
75,33284,mios
76,34123,juvignac
76,34255,saint-gely-du-fesc
76,34270,saint-jean-de-vedas
53,35256,saint-briac-sur-mer
75,40209,ondres
75,40266,saint-julien-en-born
75,40287,sanguinet
52,44010,batz-sur-mer
52,44097,mesquer
28,50532,saint-pair-sur-mer
53,56169,plouhinec
32,59328,lambersart
75,64038,arcangues
75,64140,boucau
75,64160,cambo-les-bains
75,64422,oloron-sainte-marie
84,73205,le-pontet
84,73318,villarembert
84,74133,gaillard
84,74176,menthon-saint-bernard
84,74188,montriond
84,74190,morillon
84,74215,praz-sur-arly
11,78358,maisons-laffitte
32,80228,le-crotoy
93,83058,flayosc
93,83121,salernes
93,84065,lauris
93,84073,menerbes
93,84080,monteux
93,84092,le-pontet
11,92036,gennevilliers
11,93053,noisy-le-sec
11,93063,romainville
11,93064,rosny-sous-bois
11,94042,joinville-le-pont
1,971032,trois-rivieres
84,7182,prades
76,9122,foix
76,9232,prades
76,11266,port-la-nouvelle
93,13038,fontvieille
93,13119,carnoux-en-provence
75,17028,aytre
75,17160,floirac
75,17207,loix
75,17230,meschers-sur-gironde
75,17411,saint-trojan-les-bains
75,19195,saint-cyprien
27,21565,saint-philibert
75,24172,les-eyzies-de-tayac-sireuil
75,24396,saint-cyprien
84,26113,die
84,26146,grignan
53,29037,combrit
53,29057,la-foret-fouesnant
53,29189,plougastel-daoulas
53,29195,plouguerneau
53,29235,le-relecq-kerhuon
94,2A017,appietto
94,2A276,serra-di-ferro
94,2B093,corbara
94,2B148,lucciana
76,30321,sommieres
76,30341,vauvert
76,32072,callian
75,33019,audenge
75,33167,floirac
75,33249,lormont
76,34198,perols
76,34299,serignan
76,34333,vic-la-gardiole
53,35228,pleurtuit
24,37072,chinon
24,37122,joue-les-tours
84,42211,saint-cyprien
84,43155,prades
52,44182,saint-michel-chef-chef
76,46106,floirac
44,51230,epernay
53,56052,damgan
53,56233,saint-philibert
27,58194,nevers
32,59606,valenciennes
32,62899,wissant
75,64100,bassussarry
75,64547,ustaritz
76,66149,prades
76,66171,saint-cyprien
44,67218,illkirch-graffenstaden
84,69202,sainte-foy-les-lyon
84,73157,modane
84,74160,manigod
28,76254,etretat
11,77083,champs-sur-marne
11,77307,montevrain
11,78311,houilles
76,81212,prades
93,83004,les-arcs
93,83008,bagnols-en-foret
93,83023,brignoles
93,83029,callian
93,83124,seillans
93,84026,cadenet
93,84043,entraigues-sur-la-sorgue
93,84141,vedene
52,85106,la-gueriniere
11,91477,palaiseau
11,93029,drancy
11,93031,epinay-sur-seine
84,1053,bourg-en-bresse
84,1173,gex
84,3205,perigny
93,4230,valensole
93,5065,guillestre
93,5098,les-orres
93,6089,opio
93,6112,le-rouret
93,6118,saint-cezaire-sur-siagne
93,6140,le-tignet
84,7331,vals-les-bains
84,7336,vernon
93,13007,auriol
93,13041,gardanne
93,13066,noves
93,13068,paradou
93,13071,les-pennes-mirabeau
93,13091,saint-cannat
93,13110,trets
93,13112,velaux
28,14225,dives-sur-mer
28,14496,perigny
28,14515,port-en-bessin-huppain
28,14701,tourgeville
75,17010,angoulins
75,17264,nieul-sur-mer
75,17274,perigny
75,17485,le-grand-village-plage
53,22166,penvenan
53,22222,plouha
53,22379,trevou-treguignec
75,24067,le-bugue
84,26114,dieulefit
84,26281,romans-sur-isere
28,27681,vernon
53,29022,camaret-sur-mer
53,29072,guilvinec
53,29133,locquirec
53,29190,plougonvelin
53,29217,pont-aven
94,2A006,alata
94,2A065,cargese
94,2A288,sotta
94,2B307,santa-lucia-di-moriani
76,30010,anduze
76,30209,pujaut
76,32107,condom
75,33333,le-porge
76,34022,baillargues
76,34116,grabels
76,34142,lodeve
76,34209,portiragnes
84,38205,lans-en-vercors
84,38223,maubec
75,40217,parentis-en-born
75,40279,saint-paul-les-dax
75,40284,saint-vincent-de-tyrosse
75,40317,tosse
24,41174,perigny
84,42187,roanne
52,44125,piriac-sur-mer
52,44143,reze
52,44190,saint-sebastien-sur-loire
52,44215,vertou
75,47157,marmande
75,47175,monflanquin
76,48095,mende
44,52453,saint-maurice
53,56009,bangor
53,56013,belz
53,56055,etel
53,56155,penestin
53,56168,plouharnel
53,56214,saint-gildas-de-rhuys
27,58257,saint-maurice
32,59163,croix
32,60145,chelles
32,60159,compiegne
84,63378,saint-maurice
75,64009,ahetze
75,64204,eaux-bonnes
75,64256,hasparren
75,64485,saint-jean-pied-de-port
76,65123,campan
76,66065,elne
76,66212,torreilles
44,67427,saint-maurice
44,68277,riquewihr
84,69056,chessy
27,71014,autun
27,71342,paray-le-monial
52,72008,arnage
84,73003,aigueblanche
84,73011,albertville
84,73071,champagny-en-vanoise
84,73132,hauteluce
84,73142,landry
84,73307,valmeinier
84,74159,magland
84,74243,saint-julien-en-genevois
84,74279,thollon-les-memises
28,76655,saint-valery-en-caux
11,77108,chelles
11,77111,chessy
11,77268,magny-le-hongre
11,78586,sartrouville
32,80039,ault
76,82106,maubec
93,83007,aups
93,83011,bargemon
93,83099,puget-sur-argens
93,84004,aubignan
93,84071,maubec
93,84122,sarrians
52,85109,les-herbiers
75,86284,vernon
44,88160,epinal
27,90030,croix
11,92022,chaville
11,94028,creteil
11,94056,perigny
11,94069,saint-maurice
11,95063,bezons
1,971015,lamentin
3,973009,remire-montjoly
84,1143,divonne-les-bains
84,1354,saint-genis-pouilly
32,2530,moulins
84,3190,moulins
93,4135,moustiers-sainte-marie
93,4152,pierrevert
93,5184,vitrolles
93,6064,gattieres
93,6090,pegomas
93,6108,la-roquette-sur-siagne
84,7042,bourg-saint-andeol
84,7101,grospierres
84,7304,salavas
44,8390,sainte-marie
76,9194,mirepoix
76,11185,lagrasse
76,11206,limoux
76,12300,villefranche-de-rouergue
93,13010,barbentane
93,13045,graveson
93,13048,jouques
93,13060,meyreuil
93,13069,pelissanne
93,13080,le-puy-sainte-reparade
93,13083,rognonas
93,13086,roquevaire
93,13088,le-rove
93,13094,saint-etienne-du-gres
93,13117,vitrolles
28,14312,grandcamp-maisy
28,14354,langrune-sur-mer
28,14366,lisieux
28,14384,luc-sur-mer
28,14562,saint-aubin-sur-mer
28,14699,touques
28,14755,villerville
84,15198,sainte-marie
75,17197,jonzac
75,17291,puilboreau
75,17421,saujon
53,22094,lancieux
53,22210,ploubazlanec
53,22214,plouezec
53,22242,plurien
53,22302,saint-jacut-de-la-mer
75,24091,cenac-et-saint-julien
27,25523,sainte-marie
53,29040,le-conquet
53,29165,plobannalec-lesconil
53,29178,ploudalmezeau
53,29273,santec
94,2A008,albitreccia
94,2B037,biguglia
94,2B120,furiani
94,2B207,penta-di-casinca
94,2B251,prunelli-di-fiumorbo
94,2B311,santa-maria-poggio
76,30006,aimargues
76,30258,saint-gilles
76,30295,saint-quentin-la-poterie
76,31044,balma
76,31051,beaufort
76,31446,ramonville-saint-agne
76,31483,saint-gaudens
76,31557,tournefeuille
76,32056,blanquefort
76,32208,lectoure
76,32258,mirepoix
76,32388,sainte-marie
75,33056,blanquefort
75,33122,cestas
75,33394,saint-emilion
76,34026,beaufort
76,34058,castries
76,34077,clapiers
76,34126,lamalou-les-bains
76,34247,saint-clement-de-riviere
53,35198,moulins
53,35263,saint-coulomb
53,35275,saint-gilles
53,35294,sainte-marie
24,36196,saint-gilles
24,37109,fondettes
24,37214,saint-cyr-sur-loire
84,38002,les-adrets
84,38006,allevard
84,38032,beaufort
27,39043,beaufort
27,39300,lons-le-saunier
75,40108,gastes
75,40326,vielle-saint-girons
52,44114,orvault
28,50410,pontorson
28,50483,saint-gilles
28,50502,saint-lo
44,51484,saint-gilles
53,56083,hennebont
53,56098,lanester
53,56116,locmariaquer
53,56119,locoal-mendon
53,56161,ploemel
53,56193,riantec
53,56241,sauzon
53,56243,sene
27,58253,sainte-marie
32,59058,beaufort
32,60141,chantilly
32,60612,senlis
32,62261,cucq
32,62498,lens
32,62790,senlis
84,63075,chamalieres
84,63308,royat
75,64035,arbonne
76,65025,argeles-gazost
76,65391,sainte-marie
76,66222,vernet-les-bains
84,69204,saint-genis-laval
84,69256,vaulx-en-velin
27,71137,cluny
27,71425,saint-gilles
52,72260,ruaudin
84,73034,beaufort
84,73051,le-bourget-du-lac
84,73055,bozel
84,74213,poisy
84,74276,taninges
84,74280,thones
28,76564,saint-aubin-sur-mer
11,77018,bailly-romainvilliers
11,78146,chatou
11,78158,le-chesnay
11,78172,conflans-sainte-honorine
11,78498,poissy
32,80533,mers-les-bains
76,81099,gaillac
93,83032,carces
93,83049,cuers
93,83051,entrecasteaux
93,83130,sollies-pont
93,84012,beaumes-de-venise
93,84019,bollene
93,84030,caromb
93,84034,caumont-sur-durance
93,84042,cucuron
93,84074,merindol
93,84081,morieres-les-avignon
93,84105,saignon
52,85164,notre-dame-de-monts
27,89381,sceaux
11,91027,athis-mons
11,91471,orsay
11,92071,sceaux
11,93010,bondy
11,93049,neuilly-plaisance
11,93050,neuilly-sur-marne
11,95197,deuil-la-barre
2,972007,ducos
2,972028,sainte-marie
4,974005,petite-ile
4,974008,la-possession
4,974018,sainte-marie
32,2691,saint-quentin
84,3023,bellerive-sur-allier
93,4039,castellane
93,4073,enchastrayes
93,4166,riez
93,4209,sisteron
93,5063,la-grave
93,6026,cabris
93,6150,la-turbie
93,6163,tende
44,8377,saint-aignan
76,9225,pamiers
76,9328,verdun
76,11067,canet
76,11076,castelnaudary
76,12208,saint-affrique
93,13017,boulbon
93,13035,eyguieres
93,13036,eyragues
93,13051,lancon-provence
93,13054,marignane
93,13062,mimet
93,13065,mouries
93,13085,roquefort-la-bedoule
93,13097,saint-martin-de-crau
93,13109,le-tholonet
28,14059,benerville-sur-mer
28,14066,bernieres-sur-mer
28,14327,herouville-saint-clair
28,14409,merville-franceville-plage
75,17248,mortagne-sur-gironde
75,17407,sainte-soulle
27,21287,fresnes
27,21464,nuits-saint-georges
53,22155,la-motte
53,22194,plestin-les-greves
53,22213,plouer-sur-rance
53,22274,saint-andre-des-eaux
75,24040,beynac-et-cazenac
75,24152,domme
75,24164,excideuil
75,24223,lalinde
75,24232,lavaur
75,24335,port-sainte-foy-et-ponchapt
75,24356,rouffignac-saint-cernin-de-reilhac
84,26063,buis-les-baronnies
53,29103,landerneau
53,29153,nevez
53,29174,ploneour-lanvern
53,29215,plozevet
53,29233,quimperle
53,29236,riec-sur-belon
53,29259,saint-pol-de-leon
94,2A001,afa
94,2A090,coggia
94,2A348,vico
94,2B010,algajola
94,2B034,belgodere
94,2B242,poggio-mezzana
94,2B309,santa-maria-di-lota
94,2B342,ventiseri
76,30019,aubais
76,30062,calvisson
76,30073,castillon-du-gard
76,30263,saint-hippolyte-du-fort
76,30273,saint-julien-de-peyrolas
76,30299,saint-siffret
76,30311,sauve
76,30312,sauveterre
76,30354,montagnac
76,31211,gargas
76,31451,revel
76,32233,marciac
76,32418,sauveterre
75,33365,saint-aignan
75,33376,saint-aubin-de-medoc
75,33498,salles
76,34010,aniane
76,34051,canet
76,34095,fabregues
76,34151,marsillargues
76,34162,montagnac
76,34183,nissan-lez-enserune
76,34336,villeneuve-les-beziers
53,35047,bruz
53,35095,dol-de-bretagne
53,35115,fougeres
24,37233,saint-pierre-des-corps
84,38334,revel
27,39198,dole
27,39470,les-rousses
75,40036,benesse-maremne
75,40150,leon
75,40157,lit-et-mixe
24,41094,fresnes
24,41136,mer
24,41194,romorantin-lanthenay
24,41198,saint-aignan
24,41211,saint-georges-sur-cher
84,43051,le-chambon-sur-lignon
52,44012,la-bernerie-en-retz
52,44020,bouguenais
52,44043,clisson
52,44151,saint-andre-des-eaux
76,46225,prayssac
76,46309,souillac
75,47195,nerac
75,47284,salles
28,50066,jullouville
28,50165,donville-les-bains
44,55545,verdun
53,56106,larmor-baden
53,56176,pluneret
53,56203,saint-aignan
32,59507,ronchin
28,61001,alencon
32,62025,ambleteuse
32,62823,torcy
75,64407,mouguerre
75,64499,salies-de-bearn
75,64504,sare
76,65400,salles
76,65412,sauveterre
76,66196,sorede
76,66210,thuir
44,67180,haguenau
44,67348,obernai
44,67462,selestat
44,68338,turckheim
84,69142,la-mulatiere
84,69264,villefranche-sur-saone
27,71540,torcy
52,72154,la-fleche
52,72213,mulsanne
52,72265,saint-aignan
84,73116,fontcouverte-la-toussuire
84,73123,la-giettaz
84,73285,seez
84,74108,duingt
84,74239,saint-jean-de-sixt
84,74266,servoz
84,74267,sevrier
28,76192,criel-sur-mer
28,76711,le-treport
11,77014,avon
11,77243,lagny-sur-marne
11,77284,meaux
11,77468,torcy
11,78126,la-celle-saint-cloud
11,78297,guyancourt
11,78650,le-vesinet
11,78686,viroflay
75,79023,avon
75,79303,salles
32,80182,cayeux-sur-mer
32,80333,fort-mahon-plage
76,81069,cordes-sur-ciel
76,81140,lavaur
76,81163,mazamet
76,81275,salles
76,81278,sauveterre
76,82112,moissac
76,82152,saint-aignan
76,82177,sauveterre
93,83012,barjols
93,83018,besse-sur-issole
93,83085,la-motte
93,83091,pierrefeu-du-var
93,83092,pignans
93,83097,pourrieres
93,83102,regusse
93,83131,sollies-toucas
93,83149,villecroze
93,84008,le-barroux
93,84047,gargas
93,84051,goult
93,84082,mormoiron
93,84138,valreas
52,85278,saint-vincent-sur-jard
27,89162,evry
27,89183,fresnes
11,91228,evry
11,92014,bourg-la-reine
11,92032,fontenay-aux-roses
11,92060,le-plessis-robinson
11,93007,le-blanc-mesnil
11,93013,le-bourget
11,93027,la-courneuve
11,93032,gagny
11,94034,fresnes
1,971034,vieux-habitants
2,972023,saint-esprit
3,973004,kourou
4,974024,cilaos
32,2408,laon
84,3191,murat
93,4096,jausiers
93,4160,reillanne
93,4194,saint-pierre
93,5077,molines-en-queyras
93,6007,auribeau-sur-siagne
93,6033,carros
93,6068,gourdon
93,6075,levens
84,7005,alba-la-romaine
84,7098,gourdon
84,7110,joyeuse
84,7117,lablachere
84,7132,largentiere
84,7334,les-vans
76,9037,barjac
76,9058,bompas
76,9160,lavelanet
76,9322,ustou
44,10150,fontaine
76,11081,caunes-minervois
76,11144,fitou
76,11203,lezignan-corbieres
76,11304,quillan
76,11379,sigean
76,12096,espalion
93,13016,la-bouilladisse
93,13018,cabannes
93,13042,gemenos
93,13044,grans
93,13052,maillane
93,13067,orgon
93,13072,peynier
93,13074,peyrolles-en-provence
93,13092,saint-chamas
93,13095,saint-marc-jaumegarde
93,13107,simiane-collongue
93,13111,vauvenargues
28,14243,equemauville
28,14325,hermanville-sur-mer
28,14365,lion-sur-mer
28,14635,saint-omer
84,15138,murat
84,15206,saint-pierre
84,15244,ussel
75,16374,soyaux
75,17058,bourcefranc-le-chapus
75,17142,dompierre-sur-mer
75,17219,marennes
75,17283,pons
75,17414,saint-xandre
75,17486,la-bree-les-bains
24,18194,rians
75,19275,ussel
27,21284,francheville
27,21412,meursault
27,21546,saint-didier
53,22070,guingamp
53,22134,louannec
53,22195,pleubian
53,22218,plougrescant
53,22251,pordic
75,24150,daglan
75,24212,issigeac
75,24352,riberac
75,24355,la-roque-gageac
75,24370,saint-antoine-de-breuilh
75,24412,saint-genies
75,24547,terrasson-lavilledieu
84,26058,bourg-les-valence
84,26182,mirabel-aux-baronnies
84,26188,mollans-sur-ouveze
84,26235,pierrelatte
28,27073,bois-le-roi
53,29085,ile-tudy
53,29091,kerlouan
53,29101,landeda
53,29171,plomeur
53,29176,plonevez-porzay
53,29206,plounevez-lochrist
53,29212,plouzane
53,29280,telgruc-sur-mer
53,29284,treffiagat
94,2A085,cauro
94,2A271,sarrola-carcopino
94,2A284,sollacaro
94,2B009,aleria
94,2B020,aregno
94,2B143,linguizzetta
94,2B162,moltifao
94,2B286,sorbo-ocagnano
94,2B305,san-martino-di-lota
94,2B316,santa-reparata-di-balagna
76,30012,aramon
76,30029,barjac
76,30034,bellegarde
76,30085,collias
76,30117,fourques
76,30123,gallargues-le-montueux
76,30131,goudargues
76,30136,junas
76,30140,lasalle
76,30151,lussan
76,30174,montaren-et-saint-mediers
76,30221,roquemaure
76,30288,saint-nazaire
76,30315,saze
76,31157,cugnaux
76,31395,muret
76,31468,saint-andre
76,31511,saint-pierre
76,32041,bellegarde
76,32221,lussan
76,32356,saint-andre
75,33036,bazas
75,33058,blaye
75,33080,cadaujac
75,33200,le-haillan
75,33519,le-taillan-medoc
76,34014,assas
76,34031,bessan
76,34039,bouzigues
76,34088,cournonterral
76,34101,florensac
76,34114,gignac
76,34124,lacoste
76,34159,mireval
76,34202,pignan
76,34213,poussan
76,34217,prades-le-lez
76,34232,roquebrun
76,34237,roujan
76,34239,saint-andre-de-sangonis
76,34267,saint-jean-de-fos
76,34276,saint-mathieu-de-treviers
76,34293,la-salvetat-sur-agout
76,34329,vendres
53,35264,saint-didier
53,35281,saint-jacques-de-la-lande
53,35299,saint-meloir-des-ondes
53,35308,saint-pierre-de-plesguen
53,35360,vitre
24,37014,azay-le-rideau
24,37123,langeais
24,37132,loches
24,37156,montlouis-sur-loire
24,37281,vouvray
84,38005,allemond
84,38053,bourgoin-jallieu
84,38169,fontaine
84,38229,meylan
84,38563,voiron
27,39236,francheville
27,39480,saint-didier
27,39494,saint-pierre
75,40004,angresse
75,40021,azur
75,40155,linxe
75,40257,sainte-eulalie-en-born
75,40273,saint-martin-de-seignanx
75,40291,saubion
24,41269,vendome
52,44026,carquefou
52,44035,la-chapelle-sur-erdre
52,44072,herbignac
52,44126,la-plaine-sur-mer
52,44136,prefailles
52,44175,saint-lyphard
52,44184,saint-nazaire
24,45031,bellegarde
24,45284,saint-jean-de-braye
76,46118,gignac
76,46127,gourdon
76,46323,ussel
75,47310,tonneins
76,48018,barjac
28,50025,avranches
28,50147,coutances
28,50412,portbail
28,50562,saint-vaast-la-hougue
44,51259,francheville
44,51509,saint-pierre
52,53054,change
44,54208,francheville
53,56023,brech
53,56118,locmiquelic
53,56164,ploeren
53,56165,ploermel
53,56181,port-louis
53,56206,saint-ave
27,58237,saint-didier
32,59107,bray-dunes
32,59178,douai
32,59360,loos
32,59392,maubeuge
32,59421,mouvaux
28,61176,francheville
32,62119,bethune
32,62201,camiers
32,62765,saint-omer
84,63178,issoire
84,63300,riom
76,65017,aragnouet
76,65032,arrens-marsous
76,66002,alenya
76,66021,bompas
76,66028,cabestany
76,66082,formigueres
76,66084,fourques
76,66106,maureillas-las-illas
76,66168,saint-andre
76,66172,saint-esteve
76,66180,saint-laurent-de-la-salanque
76,66186,saint-nazaire
44,67043,bischheim
44,67267,lingolsheim
44,67429,saint-pierre
44,67544,wissembourg
44,68005,ammerschwihr
84,69072,dardilly
84,69081,ecully
84,69089,francheville
84,69281,marennes
84,69286,rillieux-la-pape
27,71085,change
27,71222,gourdon
52,72058,change
52,72200,monce-en-belin
84,73094,crest-voland
84,73186,notre-dame-de-bellecombe
84,73223,saint-andre
84,74001,abondance
84,74033,bernex
84,74103,domancy
84,74147,lathuile
84,74218,publier
84,74294,verchaix
28,76663,sassetot-le-mauconduit
28,76681,sotteville-les-rouen
28,76754,yport
11,77037,bois-le-roi
11,77288,melun
11,77379,provins
11,78481,le-pecq
75,79049,bressuire
32,80001,abbeville
76,81064,castelnau-de-montmiral
76,81228,roquemaure
76,81240,saint-andre
76,82038,caylus
76,82094,lauzerte
93,83028,callas
93,83031,le-cannet-des-maures
93,83043,collobrieres
93,83073,le-luc
93,83087,nans-les-pins
93,83103,le-revest-les-eaux
93,83104,rians
93,83117,saint-paul-en-foret
93,83134,taradeau
93,83136,le-thoronet
93,83141,trans-en-provence
93,84002,ansouis
93,84016,bedarrides
93,84038,cheval-blanc
93,84039,courthezon
93,84048,gignac
93,84052,grambois
93,84058,lacoste
93,84062,lagnes
93,84078,mondragon
93,84086,oppede
93,84104,sablet
93,84106,sainte-cecile-les-vignes
93,84108,saint-didier
93,84119,saint-saturnin-les-avignon
93,84142,velleron
93,84143,venasque
52,85092,fontenay-le-comte
52,85151,mortagne-sur-sevre
52,85182,pouzauges
52,85238,saint-laurent-sur-sevre
75,86062,chasseneuil-du-poitou
44,88116,cornimont
44,88383,remiremont
44,88413,saint-die-des-vosges
44,88470,le-tholy
27,89025,avallon
27,89387,sens
27,90047,fontaine
11,91174,corbeil-essonnes
11,91272,gif-sur-yvette
11,91521,ris-orangis
11,91589,savigny-sur-orge
11,92033,garches
11,92072,sevres
11,92078,villeneuve-la-garenne
11,93008,bobigny
11,93059,pierrefitte-sur-seine
11,93062,le-raincy
11,93071,sevran
11,93072,stains
11,93073,tremblay-en-france
11,93077,villemomble
11,94015,bry-sur-marne
11,94073,thiais
11,94079,villiers-sur-marne
11,95210,enghien-les-bains
11,95500,pontoise
1,971002,anse-bertrand
1,971022,port-louis
2,972025,saint-pierre
4,974009,saint-andre
4,974016,saint-pierre
84,1283,oyonnax
84,1419,thoiry
84,3094,creuzier-le-vieux
84,3095,cusset
93,4007,angles
93,4081,esparron-de-verdon
93,4124,montagnac-montpezat
93,4173,saint-andre-les-alpes
93,4208,simiane-la-rotonde
93,4234,venterol
93,5004,ancelle
93,5040,chorges
93,5070,laragne-monteglin
93,5127,rousset
93,5132,saint-bonnet-en-champsaur
93,5157,saint-veran
93,5164,savines-le-lac
93,5180,les-vigneaux
93,5183,villar-saint-pancrace
93,6016,beuil
93,6048,contes
93,6071,guillaumes
93,6114,saint-andre-de-la-roche
84,7010,annonay
84,7024,banne
84,7031,berrias-et-casteljau
84,7058,chassiers
84,7126,lagorce
84,7186,privas
84,7220,saint-christol
84,7319,le-teil
84,7328,vagnas
84,7348,vogue
76,9063,le-bosc
76,9261,saint-girons
76,11024,bages
76,11041,bize-minervois
76,11088,cazilhac
76,11176,jonquieres
76,11251,montlaur
76,11253,montolieu
76,11285,peyriac-de-mer
76,11303,puivert
76,11429,villemoustaussou
76,12119,laguiole
76,12154,montlaur
76,12160,mostuejouls
76,12167,najac
93,13003,alleins
93,13011,les-baux-de-provence
93,13030,cuges-les-pins
93,13037,la-fare-les-oliviers
93,13039,fos-sur-mer
93,13043,gignac-la-nerthe
93,13046,greasque
93,13059,meyrargues
93,13063,miramas
93,13064,molleges
93,13073,peypin
93,13079,puyloubier
93,13081,rognac
93,13087,rousset
93,13098,saint-mitre-les-remparts
93,13105,senas
93,13106,septemes-les-vallons
93,13118,coudoux
28,14060,benouville
28,14085,bonneville-la-louvet
28,14228,douvres-la-delivrande
28,14369,litteau
28,14536,la-riviere-saint-sauveur
28,14557,saint-arnoult
28,14578,saint-gatien-des-bois
28,14663,saint-vigor-le-grand
28,14739,ver-sur-mer
84,15101,laveissiere
84,15187,saint-flour
84,15262,villedieu
75,16051,bonneville
75,16078,champniers
75,16154,gond-pontouvre
75,16221,mons
75,16358,saint-yrieix-sur-charente
75,17021,arvert
75,17064,breuillet
75,17153,esnandes
75,17194,la-jarrie
75,17222,marsilly
75,17239,mons
24,18060,chaumont
75,19269,treignac
75,19272,tulle
27,21278,fontaine-les-dijon
27,21555,saint-julien
27,21603,semur-en-auxois
27,21693,villedieu
53,22093,lamballe
53,22106,langueux
53,22118,lanvallay
53,22127,lezardrieux
53,22173,planguenoual
53,22197,pleudihen-sur-rance
53,22233,plourivo
53,22307,saint-julien
53,22363,trelevern
75,23096,gueret
75,24086,castelnaud-la-chapelle
75,24210,hautefort
75,24273,molieres
75,24280,monpazier
75,24372,saint-astier
75,24379,saint-avit-senieur
75,24392,saint-crepin-et-carlucet
75,24395,saint-cybranet
75,24538,siorac-en-perigord
75,24557,trelissac
27,25388,montbeliard
27,25460,le-val
27,25462,pontarlier
84,26043,beauvoisin
84,26064,chabeuil
84,26073,chantemerle-les-grignan
84,26138,la-garde-adhemar
84,26191,montboucher-sur-jabron
84,26193,montbrun-les-bains
84,26289,saillans
84,26345,suze-la-rousse
84,26357,tulette
84,26367,venterol
84,26377,vinsobres
28,27065,beuzeville
28,27233,fatouville-grestain
24,28004,allonnes
24,28267,montreuil
53,29024,carhaix-plouguer
53,29030,cleder
53,29081,huelgoat
53,29098,lampaul-plouarzel
53,29109,landunvez
53,29137,logonna-daoulas
53,29168,plogoff
53,29172,plomodiern
53,29177,plouarzel
53,29201,ploumoguer
53,29221,porspoder
53,29228,primelin
53,29238,roscanvel
53,29256,saint-nic
53,29293,tregunc
94,2A070,casaglione
94,2A103,cuttoli-corticchiato
94,2A212,piana
94,2A308,sainte-lucie-de-tallano
94,2B086,centuri
94,2B136,lama
94,2B283,solaro
94,2B290,speloncato
94,2B303,san-giuliano
94,2B346,vescovato
76,30014,arpaillargues-et-aureillac
76,30026,aveze
76,30033,beauvoisin
76,30057,cabrieres
76,30096,cornillon
76,30126,garrigues-sainte-eulalie
76,30173,mons
76,30179,montfrin
76,30206,poulx
76,30210,quissac
76,30225,sabran
76,30243,saint-christol-les-ales
76,30269,saint-jean-du-gard
76,30278,saint-laurent-des-arbres
76,30286,saint-maximin
76,30348,vezenobres
76,30352,villevieille
76,31032,aussonne
76,31113,castanet-tolosan
76,31232,grenade
76,31355,mons
76,31384,montlaur
76,31424,plaisance-du-touch
76,31488,saint-jean
76,32132,fleurance
76,32256,mirande
76,32462,vic-fezensac
75,33003,ambares-et-lagrave
75,33013,artigues-pres-bordeaux
75,33065,bouliac
75,33067,bourg
75,33096,carbon-blanc
75,33104,castelnau-de-medoc
75,33218,lagorce
75,33226,langoiran
75,33227,langon
75,33234,latresne
75,33300,naujac-sur-mer
75,33312,parempuyre
75,33314,pauillac
75,33363,sadirac
75,33364,saillans
75,33406,saint-genes-de-castillon
75,33433,saint-loubes
76,34036,le-bosc
76,34045,cabrieres
76,34052,capestang
76,34063,caux
76,34067,cazilhac
76,34087,cournonsec
76,34090,le-cres
76,34111,ganges
76,34113,gigean
76,34120,jacou
76,34122,jonquieres
76,34134,laverune
76,34135,lespignan
76,34147,magalas
76,34160,mons
76,34163,montarnaud
76,34166,montblanc
76,34169,montferrier-sur-lez
76,34240,saint-aunes
76,34246,saint-christol
76,34271,saint-julien
76,34289,saint-thibery
76,34298,sauvian
76,34300,servian
76,34309,teyran
76,34322,valflaunes
76,34327,vendargues
76,34340,villetelle
53,35012,bain-de-bretagne
53,35019,bazouges-la-perouse
53,35051,cesson-sevigne
53,35055,chantepie
53,35078,cherrueix
53,35085,combourg
53,35145,langon
53,35179,miniac-morvan
53,35181,le-minihic-sur-rance
53,35236,redon
53,35247,roz-sur-couesnon
53,35278,saint-gregoire
53,35284,saint-jouan-des-guerets
24,36247,vineuil
24,37018,ballan-mire
24,37163,nazelles-negron
24,37195,la-riche
24,37203,rochecorbon
24,37208,saint-avertin
24,37243,savonnieres
84,38020,auris
84,38129,correncon-en-vercors
84,38151,echirolles
84,38158,eybens
84,38426,saint-maximin
84,38433,saint-nizier-du-moucherotte
84,38442,saint-pierre-de-chartreuse
84,38516,la-tronche
84,38527,vaujany
84,38550,villard-reculas
27,39013,arbois
27,39500,salins-les-bains
27,39579,viry
75,40043,bias
24,41050,cheverny
24,41150,mont-pres-chambord
24,41180,pontlevoy
24,41201,saint-arnoult
24,41295,vineuil
84,42207,saint-chamond
84,42242,saint-joseph
52,44047,coueron
52,44106,les-moutiers-en-retz
52,44172,sainte-luce-sur-loire
52,44183,saint-molf
24,45028,beaugency
24,45053,briare
24,45203,meung-sur-loire
24,45208,montargis
24,45232,olivet
76,46045,cajarc
76,46195,molieres
76,46233,quissac
76,46320,tour-de-faure
75,47027,bias
75,47052,casteljaloux
75,47106,fumel
75,47229,saint-astier
75,47280,saint-sylvestre-sur-lot
75,47324,villereal
52,49002,allonnes
52,49215,montreuil-bellay
52,49246,les-ponts-de-ce
28,50030,barfleur
28,50496,saint-jean-le-thomas
28,50498,saint-joseph
28,50615,valognes
44,51446,pringy
44,52062,bourg
44,52121,chaumont
44,52269,langres
44,52448,saint-dizier
52,53169,olivet
44,54209,franconville
53,56002,ambon
53,56046,crach
53,56094,kervignac
53,56158,plescop
53,56167,plougoumelen
53,56173,plumeliau
53,56177,pluvigner
53,56178,pontivy
53,56184,questembert
53,56248,surzur
44,57449,marsilly
44,57494,munster
44,57672,thionville
32,59122,cambrai
32,59527,saint-andre-lez-lille
32,59646,wasquehal
32,59648,wattignies
32,60175,creil
32,60326,jonquieres
32,60346,lamorlaye
32,60566,saint-arnoult
32,60589,saint-maximin
28,61103,chaumont
32,62038,ardres
32,62236,contes
32,62571,merlimont
32,62588,montreuil
32,62894,wimille
84,63024,aveze
84,63026,aydat
84,63232,mons
84,63247,murol
84,63343,saint-flour
75,64279,itxassou
75,64284,jurancon
75,64304,lahonce
75,64320,laruns
75,64430,orthez
75,64546,urt
75,64558,villefranque
76,65168,esquieze-sere
76,65282,loudenvielle
76,65304,maubourguet
76,65472,villefranque
76,66011,bages
76,66072,estavar
76,66130,osseja
76,66164,rivesaltes
76,66213,toulouges
44,67210,le-hohwald
44,67365,ostwald
44,67437,saverne
44,68028,bergheim
44,68078,eguisheim
44,68112,guebwiller
44,68145,horbourg-wihr
44,68149,huningue
44,68175,lapoutroie
44,68226,munster
44,68249,orbey
44,68298,sainte-marie-aux-mines
44,68374,wintzenheim
84,69043,chaponost
84,69069,craponne
84,69116,limonest
84,69215,saint-julien
84,69271,chassieu
84,69277,genas
27,71543,tournus
27,71584,vire
27,71586,viry
52,72003,allonnes
52,72020,aveze
52,72287,saint-gervais-en-belin
52,72344,spay
84,73013,albiez-montrond
84,73023,aussois
84,73064,challes-les-eaux
84,73077,les-chapelles
84,73114,flumet
84,73179,la-motte-servolex
84,73194,orelle
84,73244,saint-jean-de-belleville
84,73261,saint-michel-de-maurienne
84,73293,thoiry
84,73322,villarodin-bourget
84,74003,alex
84,74032,bellevaux
84,74042,bonneville
84,74065,chaumont
84,74082,collonges-sous-saleve
84,74089,cordon
84,74102,dingy-saint-clair
84,74114,essert-romand
84,74189,mont-saxonnex
84,74220,reignier-esery
84,74263,sciez
84,74302,les-villards-sur-thones
84,74303,villaz
84,74305,ville-la-grand
84,74309,viry
28,76079,benouville
28,76108,bois-guillaume
28,76349,hautot-sur-mer
28,76451,mont-saint-aignan
28,76498,le-petit-quevilly
28,76552,sainte-adresse
28,76557,saint-arnoult
28,76720,varengeville-sur-mer
28,76735,veules-les-roses
11,77152,dammarie-les-lys
11,77258,lognes
11,77312,montigny-sur-loing
11,77373,pontault-combault
11,77378,pringy
11,77464,thorigny-sur-marne
11,77514,villeparisis
11,78092,bougival
11,78160,chevreuse
11,78322,jouy-en-josas
11,78361,mantes-la-jolie
11,78372,marly-le-roi
11,78423,montigny-le-bretonneux
11,78490,plaisir
11,78517,rambouillet
11,78575,saint-remy-les-chevreuse
11,78616,thoiry
11,78640,velizy-villacoublay
11,78672,villennes-sur-seine
75,79202,parthenay
32,80113,bonneville
32,80649,quend
32,80704,saint-gratien
76,81014,angles
76,81109,jonquieres
76,81220,rabastens
76,81253,saint-gregoire
76,82113,molieres
76,82117,montaigu-de-quercy
93,83015,bauduen
93,83017,belgentier
93,83021,bras
93,83026,cabasse
93,83033,carnoules
93,83045,correns
93,83054,la-farlede
93,83056,figanieres
93,83057,flassans-sur-issole
93,83064,gareoult
93,83080,mons
93,83083,montfort-sur-argens
93,83106,rocbaron
93,83108,la-roquebrussanne
93,83113,saint-julien
93,83120,saint-zacharie
93,83127,signes
93,83132,sollies-ville
93,83133,tanneron
93,83139,tourtour
93,83140,tourves
93,83143,le-val
93,83150,vinon-sur-verdon
93,84001,althen-des-paluds
93,84027,caderousse
93,84029,camaret-sur-aigues
93,84041,crillon-le-brave
93,84044,entrechaux
93,84055,jonquerettes
93,84056,jonquieres
93,84064,lapalud
93,84067,loriol-du-comtat
93,84070,malemort-du-comtat
93,84091,piolenc
93,84093,puget
93,84098,roaix
93,84103,rustrel
93,84107,saint-christol
93,84112,saint-martin-de-castillon
93,84115,saint-pierre-de-vassols
93,84123,sault
93,84124,saumane-de-vaucluse
93,84127,serignan-du-comtat
93,84139,fontaine-de-vaucluse
93,84140,vaugines
93,84144,viens
93,84146,villedieu
93,84147,villelaure
93,84150,visan
52,85004,angles
52,85012,la-barre-de-monts
52,85022,le-bernard
52,85082,les-epesses
52,85088,le-fenouiller
52,85128,lucon
52,85148,montreuil
75,86054,champniers
75,86070,chauvigny
75,86207,la-roche-posay
75,87064,eymoutiers
44,88351,plombieres-les-bains
44,88391,rochesson
44,88421,saint-julien
44,88500,ventron
44,88516,vittel
27,89093,chaumont
11,91103,bretigny-sur-orge
11,91105,breuillet
11,91114,brunoy
11,91201,draveil
11,91223,etampes
11,91326,juvisy-sur-orge
11,91405,milly-la-foret
11,91691,yerres
11,92076,vaucresson
11,93046,livry-gargan
11,93048,montreuil
11,93057,les-pavillons-sous-bois
11,94044,limeil-brevannes
11,94054,orly
11,94077,villeneuve-le-roi
11,95039,auvers-sur-oise
11,95203,eaubonne
11,95219,ermont
11,95252,franconville
11,95428,montmorency
11,95555,saint-gratien
1,971004,baillif
1,971009,gourbeyre
2,972024,saint-joseph
3,973007,matoury
3,973011,saint-laurent-du-maroni
4,974012,saint-joseph
84,1004,amberieu-en-bugey
84,1011,apremont
84,1033,bellegarde-sur-valserine
84,1034,belley
84,1071,cessy
84,1281,ornex
84,1288,peron
84,1331,saint-alban
84,1339,saint-bernard
84,1369,saint-just
84,1446,villeneuve
32,2277,epagny
32,2722,soissons
84,3238,saint-hilaire
93,4004,allemagne-en-provence
93,4018,banon
93,4045,cereste
93,4058,claret
93,4061,colmars
93,4068,dauphin
93,4076,entrevaux
93,4111,mane
93,4116,les-mees
93,4122,mirabeau
93,4126,montclar
93,4143,oraison
93,4157,puimoisson
93,4158,quinson
93,4178,saint-etienne-les-orgues
93,4203,selonnet
93,4242,villeneuve
93,4244,volonne
93,4245,volx
93,5007,arvieux
93,5008,aspremont
93,5026,ceillac
93,5109,puy-saint-pierre
93,5122,la-roche-de-rame
93,5123,la-roche-des-arnauds
93,5135,sainte-colombe
93,5145,saint-jean-saint-nicolas
93,5149,saint-leger-les-melezes
93,5151,saint-martin-de-queyrieres
93,5174,val-des-pres
93,6006,aspremont
93,6023,breil-sur-roya
93,6043,coaraze
93,6046,colomars
93,6060,falicon
93,6091,peille
93,6130,saint-vallier-de-thiey
93,6132,saorge
93,6136,sospel
93,6147,tourrette-levens
93,6149,la-trinite
84,7011,antraigues-sur-volane
84,7023,balazuc
84,7028,beaulieu
84,7029,beaumont
84,7064,le-cheylard
84,7066,chomerac
84,7099,gras
84,7129,lamastre
84,7145,lussas
84,7162,montreal
84,7171,payzac
84,7191,rochemaure
84,7199,rosieres
84,7202,sablieres
84,7245,saint-jean-de-muzols
84,7281,saint-peray
84,7339,vesseaux
84,7341,villeneuve-de-berg
84,7346,viviers
44,8017,apremont
44,8164,falaise
44,8193,givry
76,9002,aigues-vives
76,9047,belesta
76,9070,les-cabannes
76,9140,ignaux
76,9206,montferrier
76,9285,seix
76,9306,tarascon-sur-ariege
76,9335,villeneuve
44,10123,dienville
44,10268,nogent-sur-seine
44,10323,romilly-sur-seine
44,10333,saint-andre-les-vergers
44,10362,sainte-savine
76,11001,aigues-vives
76,11014,armissan
76,11022,azille
76,11106,coursan
76,11124,durban-corbieres
76,11129,esperaza
76,11132,fabrezan
76,11198,laure-minervois
76,11242,montclar
76,11254,montreal
76,11276,paziols
76,11279,pennautier
76,11315,rieux-minervois
76,11322,roquefort-des-corbieres
76,11332,saint-andre-de-roquelongue
76,11344,saint-hilaire
76,11367,saissac
76,11397,trebes
76,11434,villepinte
76,12033,bozouls
76,12149,montclar
76,12168,nant
76,12233,saint-juery
76,12253,salles-curan
76,12254,salles-la-source
76,12301,villeneuve
93,13004,arles
93,13020,cadolive
93,13049,lamanon
93,13077,port-de-bouc
93,13078,port-saint-louis-du-rhone
93,13089,saint-andiol
93,13102,saint-victoret
28,14021,arromanches-les-bains
28,14022,asnelles
28,14032,les-authieux-sur-calonne
28,14166,colleville-montgomery
28,14258,falaise
28,14286,fourneville
28,14304,gonneville-sur-honfleur
28,14341,ifs
28,14437,mondeville
28,14605,saint-laurent-sur-mer
28,14724,varaville
84,15012,arpajon-sur-cere
84,15020,beaulieu
84,15255,vezac
84,15258,vic-sur-cere
84,15264,vitrac
75,16020,aubeterre-sur-dronne
75,16049,bonnes
75,16069,cellettes
75,16073,chalais
75,16101,claix
75,16291,ruelle-sur-touvre
75,16392,valence
75,17015,arces
75,17079,chaillevette
75,17109,clavette
75,17146,echillais
75,17155,etaules
75,17193,la-jarne
75,17218,marans
75,17228,medis
75,17247,mornac-sur-seudre
75,17319,sainte-colombe
75,17328,saint-fort-sur-gironde
75,17349,saint-jean-de-liversay
75,17353,saint-laurent-de-la-pree
75,17391,saint-rogatien
75,17397,saint-savinien
75,17413,saint-vivien
75,17420,salles-sur-mer
75,17434,surgeres
75,17449,tonnay-charente
75,17484,port-des-barques
24,18198,saint-ambroix
24,18218,saint-just
24,18241,sancerre
24,18279,vierzon
75,19019,beaulieu-sur-dordogne
75,19020,beaumont
75,19148,neuvic
75,19168,pradines
27,21052,beaulieu
27,21123,buxerolles
27,21166,chenove
27,21245,epagny
27,21255,etaules
27,21355,longvic
27,21413,millery
27,21492,pommard
27,21515,quetigny
27,21542,saint-bernard
53,22033,caurel
53,22048,corseul
53,22081,hillion
53,22103,langrolay-sur-rance
53,22143,matignon
53,22190,pleslin-trigavou
53,22215,ploufragan
53,22221,plouguiel
53,22250,pontrieux
53,22273,saint-alban
53,22319,saint-michel-en-greve
53,22324,saint-quay-perros
53,22347,tredarzec
53,22362,treguier
75,23008,aubusson
75,24002,agonac
75,24076,campagne
75,24081,carlux
75,24082,carsac-aillac
75,24095,chalais
75,24096,champagnac-de-belair
75,24098,champcevinel
75,24138,coulounieix-chamiers
75,24167,eymet
75,24207,grolejac
75,24218,jumilhac-le-grand
75,24268,meyrals
75,24269,mialet
75,24274,monbazillac
75,24309,neuvic
75,24320,payzac
75,24326,peyzac-le-moustier
75,24330,plazac
75,24340,prigonrieux
75,24341,proissans
75,24346,quinsac
75,24364,saint-amand-de-coly
75,24432,saint-julien-de-lampon
75,24434,saint-just
75,24443,saint-leon-sur-vezere
75,24450,saint-martial-de-nabirat
75,24470,sainte-mondane
75,24514,saint-vivien
75,24550,thenon
75,24551,thiviers
75,24558,tremolat
75,24577,vezac
75,24582,villars
75,24585,villefranche-du-perigord
75,24587,vitrac
27,25254,les-fourgs
27,25380,metabief
27,25434,ornans
27,25515,sainte-colombe
27,25518,saint-hilaire
84,26011,aouste-sur-sye
84,26045,la-begude-de-mazenc
84,26101,comps
84,26116,donzere
84,26144,grane
84,26148,hauterives
84,26165,livron-sur-drome
84,26183,mirabel-et-blacons
84,26185,mirmande
84,26243,le-poet-laval
84,26275,rochegude
84,26290,saint-agnan-en-vercors
84,26307,saint-jean-en-royans
84,26326,saint-restitut
84,26338,sauzet
84,26362,valence
28,27056,bernay
28,27285,giverny
28,27375,louviers
28,27445,noyers
28,27659,la-trinite
24,28185,goussainville
24,28229,mainvilliers
24,28280,nogent-le-rotrou
24,28411,villars
53,29004,bannalec
53,29008,beuzec-cap-sizun
53,29028,cleden-cap-sizun
53,29032,clohars-fouesnant
53,29077,guisseny
53,29112,lanildut
53,29117,lannilis
53,29134,locronan
53,29161,pleuven
53,29162,pleyben
53,29170,plomelin
53,29225,pouldreuzic
53,29252,saint-jean-trolimon
53,29257,saint-pabu
53,29260,saint-renan
53,29276,sibiril
53,29277,sizun
94,2A118,fozzano
94,2A198,ota
94,2A209,peri
94,2A211,petreto-bicchisano
94,2A300,san-gavino-di-carbini
94,2A349,viggianello
94,2B058,canari
94,2B121,galeria
94,2B178,nonza
94,2B233,pino
94,2B318,taglio-isolaccio
94,2B319,talasani
76,30004,aigues-vives
76,30008,allegre-les-fumades
76,30037,besseges
76,30041,blauzac
76,30047,bouillargues
76,30059,le-cailar
76,30075,caveirac
76,30089,comps
76,30103,domazan
76,30106,durfort-et-saint-martin-de-sossenac
76,30128,generac
76,30149,lirac
76,30155,manduel
76,30156,marguerittes
76,30162,massillargues-attuech
76,30164,mejannes-le-clap
76,30166,meynes
76,30168,mialet
76,30212,remoulins
76,30214,ribaute-les-tavernes
76,30218,rochegude
76,30223,rousson
76,30227,saint-ambroix
76,30229,saint-andre-de-majencoules
76,30237,saint-bres
76,30259,saint-hilaire-de-brethmas
76,30290,saint-paulet-de-caisson
76,30294,saint-privat-des-vieux
76,30302,saint-victor-la-coste
76,30313,sauzet
76,30317,sernhac
76,30326,tavel
76,30330,tornac
76,30331,tresques
76,30333,uchaud
76,30339,valleraugue
76,30344,vergeze
76,31022,aucamville
76,31033,auterive
76,31107,carbonne
76,31150,cornebarrieu
76,31282,launaguet
76,31315,mane
76,31389,montrabe
76,31390,montrejeau
76,31417,pibrac
76,31433,portet-sur-garonne
76,31467,saint-alban
76,31486,saint-hilaire
76,31506,saint-orens-de-gameville
76,31541,seilh
76,31573,verfeil
76,31588,villeneuve-tolosane
76,32019,auterive
76,32027,barcelonne-du-gers
76,32037,beaumont
76,32096,cazaubon
76,32119,eauze
76,32213,lombez
76,32290,montreal
76,32295,nizas
76,32296,nogaro
76,32366,saint-bres
75,33029,le-barp
75,33032,bassens
75,33042,belin-beliet
75,33099,carignan-de-bordeaux
75,33132,comps
75,33177,gaillan-en-medoc
75,33184,generac
75,33186,gensac
75,33238,leognan
75,33248,listrac-medoc
75,33256,ludon-medoc
75,33262,macau
75,33273,martignas-sur-jalle
75,33293,montussan
75,33322,le-pian-medoc
75,33344,pujols
75,33349,quinsac
75,33390,sainte-colombe
75,33483,saint-sulpice-et-cameyrac
75,33485,sainte-terre
75,33535,tresses
75,33539,vayres
75,33551,villeneuve
76,34007,aigues-vives
76,34013,aspiran
76,34024,balaruc-le-vieux
76,34027,beaulieu
76,34028,bedarieux
76,34048,campagne
76,34074,cessenon-sur-orb
76,34078,claret
76,34127,lansargues
76,34143,loupian
76,34184,nizas
76,34189,olonzac
76,34197,peret
76,34203,pinet
76,34204,plaissan
76,34210,le-pouget
76,34225,puisserguier
76,34243,saint-bauzille-de-putois
76,34244,saint-bres
76,34245,saint-chinian
76,34249,saint-drezery
76,34256,saint-genies-des-mourgues
76,34272,saint-just
76,34274,saint-martin-de-londres
76,34295,saussan
76,34307,sussargues
76,34320,vailhauques
53,35004,antrain
53,35024,betton
53,35052,champeaux
53,35116,la-fresnais
53,35126,guichen
53,35132,hirel
53,35210,pace
53,35222,pleine-fougeres
53,35241,la-richardais
53,35250,saint-armel
53,35255,saint-benoit-des-ondes
53,35262,sainte-colombe
53,35285,saint-just
53,35306,saint-pere
53,35314,saint-suliac
24,36006,argenton-sur-creuse
24,36015,beaulieu
24,36036,chalais
24,37015,azay-sur-cher
24,37022,beaumont-en-veron
24,37027,blere
24,37031,bourgueil
24,37049,chambourg-sur-indre
24,37050,chambray-les-tours
24,37074,chouze-sur-loire
24,37079,civray-de-touraine
24,37091,la-croix-en-touraine
24,37139,luynes
24,37159,monts
24,37225,saint-martin-le-beau
24,37226,sainte-maure-de-touraine
24,37266,veigne
24,37270,vernou-sur-brenne
24,37272,villandry
24,37273,la-ville-aux-dames
84,38033,beaulieu
84,38111,claix
84,38126,corenc
84,38140,crolles
84,38264,la-morte
84,38269,la-mure
84,38367,saint-bernard
84,38382,saint-egreve
84,38383,saint-etienne-de-crossey
84,38395,saint-hilaire
84,38418,sainte-marie-du-mont
84,38471,le-sappey-en-chartreuse
84,38474,sassenage
84,38485,seyssinet-pariset
84,38486,seyssins
84,38529,vaulnaveys-le-haut
84,38547,villard-bonnot
27,39097,champagnole
27,39367,morbier
27,39441,premanon
27,39478,saint-claude
75,40061,campagne
75,40075,castets
75,40182,mezos
75,40202,narrosse
75,40210,onesse-laharie
75,40213,orx
75,40224,peyrehorade
75,40229,pontenx-les-forges
75,40248,saint-andre-de-seignanx
75,40252,sainte-colombe
75,40264,saint-jean-de-marsacq
75,40292,saubrigues
24,41031,cellettes
24,41045,chaumont-sur-loire
24,41046,chaumont-sur-tharonne
24,41104,huisseau-sur-cosson
24,41106,lamotte-beuvron
24,41146,monthou-sur-cher
24,41232,salbris
24,41242,selles-sur-cher
84,42005,andrezieux-boutheon
84,42095,firminy
84,42147,montbrison
84,42178,pradines
84,42222,saint-galmier
84,42279,saint-just-saint-rambert
84,42330,villars
84,43021,beaulieu
84,43022,beaumont
84,43041,brives-charensac
84,43135,le-monastier-sur-gazeille
84,43165,rosieres
84,43193,saint-hilaire
52,44003,ancenis
52,44009,basse-goulaine
52,44015,blain
52,44115,oudon
52,44158,saint-etienne-de-montluc
52,44166,saint-jean-de-boiseau
52,44194,sautron
52,44204,thouare-sur-loire
24,45146,la-ferte-saint-aubin
24,45155,gien
24,45179,lailly-en-val
24,45230,noyers
24,45278,sainte-genevieve-des-bois
24,45286,saint-jean-le-blanc
24,45302,saran
24,45315,sully-sur-loire
76,46073,concots
76,46087,degagnac
76,46128,gramat
76,46148,lalbenque
76,46177,loubressac
76,46182,luzech
76,46194,milhac
76,46215,payrac
76,46224,pradines
76,46240,rocamadour
76,46251,saint-cere
76,46256,saint-cirq-lapopie
76,46260,sainte-colombe
76,46265,saint-denis-les-martel
76,46269,saint-hilaire
76,46297,salviac
76,46301,sauzet
75,47032,bon-encontre
75,47057,castillonnes
75,47065,clairac
75,47086,duras
75,47215,pujols
76,48034,la-canourgue
76,48148,saint-etienne-vallee-francaise
76,48161,saint-juery
52,49035,bouchemaine
52,49063,chalonnes-sur-loire
52,49219,montsoreau
28,50076,brehal
28,50102,carolles
28,50117,champeaux
28,50160,denneville
28,50167,dragey-ronthon
28,50231,hauteville-sur-mer
28,50256,isigny-le-buat
28,50349,montmartin-sur-mer
28,50403,pirou
28,50429,regneville-sur-mer
28,50457,sainte-colombe
28,50481,saint-germain-sur-ay
28,50509,sainte-marie-du-mont
28,50585,surtainville
28,50607,la-trinite
28,50616,le-val-saint-pere
44,51101,caurel
44,52358,noyers
44,54057,beaumont
44,54060,belleville
44,54304,laxou
44,54323,longwy
44,54329,luneville
44,54339,malzeville
44,54369,millery
44,54578,villers-les-nancy
53,56018,billiers
53,56053,elven
53,56061,la-gacilly
53,56073,guemene-sur-scorff
53,56091,josselin
53,56100,langonnet
53,56101,languidic
53,56124,malestroit
53,56143,muzillac
53,56147,nivillac
53,56163,ploerdut
53,56175,plumergat
53,56185,queven
53,56188,quistinic
53,56195,la-roche-bernard
53,56205,saint-armel
53,56231,saint-nolff
53,56247,sulniac
53,56252,le-tour-du-parc
44,57480,montigny-les-metz
44,57630,sarrebourg
44,57631,sarreguemines
44,57727,viviers
44,57757,yutz
27,58026,beaulieu
27,58059,la-charite-sur-loire
27,58261,saint-pere
32,59017,armentieres
32,59220,faches-thumesnil
32,59299,hem
32,59636,wambrechies
32,60022,apremont
32,60121,campagne
32,60139,chambly
32,60282,gouvieux
32,60382,margny-les-compiegne
32,60427,monts
32,60491,pierrefonds
32,60546,rosieres
28,61006,argentan
28,61011,aubusson
28,61034,beaulieu
28,61169,flers
28,61321,pace
32,62054,audinghen
32,62235,condette
32,62300,equihen-plage
32,62318,etaples
32,62337,flers
32,62645,oye-plage
32,62667,le-portel
32,62729,rumilly
32,62752,saint-josse
32,62774,sangatte
84,63014,aubiere
84,63031,beaulieu
84,63032,beaumont
84,63070,ceyrat
84,63192,la-tour-d-auvergne
84,63360,saint-hilaire
84,63371,saint-just
84,63430,thiers
84,63458,villeneuve
84,63464,vitrac
75,64040,arette
75,64104,bedous
75,64147,briscous
75,64213,espelette
75,64230,gan
75,64335,lescar
75,64348,lons
75,64393,monein
75,64477,saint-etienne-de-baigorry
75,64527,souraide
75,64540,urcuit
76,65031,arreau
76,65196,gensac
76,65258,lannemezan
76,65460,vic-en-bigorre
76,66019,belesta
76,66038,canohes
76,66094,latour-bas-elne
76,66132,palau-de-cerdagne
76,66133,palau-del-vidre
76,66141,pia
76,66154,puyvalador
76,66161,ria-sirach
76,66167,saillagouse
76,66188,saint-pierre-dels-forcats
76,66189,saleilles
76,66195,le-soler
76,66224,villelongue-de-la-salanque
76,66227,villeneuve-de-la-raho
44,67010,andlau
44,67021,barr
44,67067,brumath
44,67084,dambach-la-ville
44,67118,eckbolsheim
44,67152,geispolsheim
44,67313,mutzig
44,67445,scherwiller
44,67551,wolfisheim
44,68026,bennwihr
44,68081,saint-bernard
44,68154,illzach
44,68155,ingersheim
44,68173,labaroche
44,68287,rouffach
44,68294,sainte-croix-aux-mines
44,68317,soultzeren
44,68334,thann
84,69009,anse
84,69019,belleville
84,69044,charbonnieres-les-bains
84,69064,condrieu
84,69088,fontaines-sur-saone
84,69091,givors
84,69100,irigny
84,69133,millery
84,69143,neuville-sur-saone
84,69152,pierre-benite
84,69189,sainte-colombe
84,69283,mions
27,70024,apremont
27,70311,luxeuil-les-bains
27,70550,vesoul
27,71153,le-creusot
27,71221,givry
52,72095,coulaines
52,72192,les-mees
52,72328,sarge-les-le-mans
52,72346,la-suze-sur-sarthe
84,73004,aillon-le-jeune
84,73017,apremont
84,73029,barberaz
84,73031,bassens
84,73047,bonneval-sur-arc
84,73059,brison-saint-innocent
84,73128,gresy-sur-aix
84,73151,les-marches
84,73154,mercury
84,73208,pugny-chatenod
84,73300,tresserve
84,73302,la-trinite
84,73303,ugine
84,73317,villard-sur-doron
84,73323,villaroger
84,74013,anthy-sur-leman
84,74016,archamps
84,74026,la-balme-de-sillingy
84,74031,beaumont
84,74034,le-biot
84,74067,chavanod
84,74079,les-clefs
84,74094,cranves-sales
84,74105,douvaine
84,74110,entremont
84,74137,groisy
84,74154,lugrin
84,74180,messery
84,74183,mieussy
84,74185,monnetier-mornex
84,74200,neuvecelle
84,74205,onnion
84,74224,la-roche-sur-foron
84,74225,rumilly
84,74249,saint-paul-en-chablais
84,74272,sillingy
84,74293,veigy-foncenex
84,74298,vetraz-monthoux
84,74311,viuz-en-sallaz
28,76255,eu
28,76447,montivilliers
28,76569,sainte-colombe
28,76637,saint-pierre-en-port
11,77022,barbizon
11,77048,bourron-marlotte
11,77082,champeaux
11,77118,claye-souilly
11,77132,coupvray
11,77171,esbly
11,77183,la-ferte-sous-jouarre
11,77294,mitry-mory
11,77315,montry
11,77337,noisiel
11,77339,noisy-sur-ecole
11,77350,ozoir-la-ferriere
11,77390,roissy-en-brie
11,77404,sainte-colombe
11,77407,saint-fargeau-ponthierry
11,77438,saint-thibault-des-vignes
11,77441,samois-sur-seine
11,77463,thomery
11,77479,vaires-sur-marne
11,78123,carrieres-sous-poissy
11,78124,carrieres-sur-seine
11,78208,elancourt
11,78242,fontenay-le-fleury
11,78321,jouars-pontchartrain
11,78362,mantes-la-ville
11,78418,montesson
11,78642,verneuil-sur-seine
75,79100,coulon
32,80314,flers
76,81045,les-cabannes
76,81060,carmaux
76,81145,lisle-sur-tarn
76,81170,monesties
76,81206,penne
76,81230,rosieres
76,81257,saint-juery
76,81271,saint-sulpice-la-pointe
76,82005,aucamville
76,82006,auterive
76,82067,gensac
76,82186,valence
76,82191,verfeil
93,83003,ampus
93,83059,forcalqueiret
93,83077,meounes-les-montrieux
93,83100,puget-ville
93,83128,sillans-la-cascade
93,83135,tavernes
93,83142,trigance
93,83146,la-verdiere
93,84009,la-bastide-des-jourdans
93,84014,beaumont-de-pertuis
93,84028,cairanne
93,84053,grillon
93,84057,joucas
93,84076,mirabeau
93,84083,mornas
93,84095,puyvert
93,84097,richerenches
93,84116,saint-romain-en-viennois
93,84126,seguret
93,84135,uchaux
93,84145,villars
93,84149,violes
52,85003,aizenay
52,85006,apremont
52,85018,beauvoir-sur-mer
52,85031,le-boupere
52,85048,chambretaud
52,85051,chantonnay
52,85071,commequiers
52,85097,la-gaubretiere
52,85153,mouchamps
75,86031,bonnes
75,86041,buxerolles
75,86049,chalais
75,86157,mignaloux-beauvoir
75,86158,migne-auxances
75,86163,montamise
75,86165,montmorillon
75,86177,neuville-de-poitou
75,86289,le-vigeant
75,86293,vivonne
75,87154,saint-junien
75,87168,saint-mathieu
75,87187,saint-yrieix-la-perche
75,87199,vayres
44,88009,anould
44,88081,bussang
44,88181,fraize
44,88302,le-menil
44,88349,plainfaing
44,88426,saint-maurice-sur-moselle
44,88429,saint-nabord
44,88447,saulxures-sur-moselotte
44,88468,le-thillot
27,89031,beaumont
27,89190,givry
27,89206,joigny
27,89267,montreal
27,89279,noyers
27,89327,rousson
27,89339,sainte-colombe
27,89344,saint-fargeau
27,89364,saint-pere
27,89446,vezelay
27,89482,viviers
11,91122,bures-sur-yvette
11,91161,chilly-mazarin
11,91345,longjumeau
11,91386,mennecy
11,91412,mondeville
11,91421,montgeron
11,91549,sainte-genevieve-des-bois
11,91556,saint-hilaire
11,91570,saint-michel-sur-orge
11,91645,verrieres-le-buisson
11,91657,vigneux-sur-seine
11,91661,villebon-sur-yvette
11,91692,les-ulis
11,93033,gournay-sur-marne
11,93078,villepinte
11,94004,boissy-saint-leger
11,94019,chennevieres-sur-marne
11,94021,chevilly-larue
11,94059,le-plessis-trevise
11,94065,rungis
11,94071,sucy-en-brie
11,94078,villeneuve-saint-georges
11,95176,cormeilles-en-parisis
11,95277,gonesse
11,95280,goussainville
11,95306,herblay
11,95351,louvres
11,95563,saint-leu-la-foret
11,95582,sannois
11,95585,sarcelles
11,95598,soisy-sous-montmorency
11,95607,taverny
11,95680,villiers-le-bel
1,971019,petit-canal
1,971024,saint-claude
2,972030,la-trinite
84,1269,nantua
32,2198,clamecy
32,2498,montaigu
84,3223,saint-christophe
84,3321,yzeure
93,4172,roumoules
93,4174,saint-benoit
93,5003,aiguilles
93,5106,prunieres
93,5153,saint-michel-de-chaillol
84,7091,fons
84,7267,saint-martial
84,7296,saint-sernin
84,7349,la-voulte-sur-rhone
76,9030,auzat
76,11012,argeliers
76,11256,montseret
76,11269,ouveillan
76,11273,paraza
76,11295,portel-des-corbieres
76,11333,saint-benoit
76,11365,saint-sernin
76,11401,tuchan
76,11424,villefort
76,11441,vinassan
76,12225,saint-georges-de-luzencon
76,12226,saint-hippolyte
76,12244,saint-rome-de-tarn
93,13070,la-penne-sur-huveaune
93,13075,plan-de-cuques
28,14024,auberville
28,14055,beaumont-en-auge
28,14126,cambremer
28,14172,commes
28,14652,saint-pierre-du-mont
28,14731,vauville
84,15190,saint-hippolyte
84,15199,saint-martial
75,16306,saint-christophe
75,16334,saint-martial
75,17136,croix-chapeau
75,17311,saint-augustin
75,17315,saint-christophe
75,17346,saint-hippolyte
75,17361,saint-martial
75,17409,saint-sulpice-de-royan
75,17429,soubise
75,17483,yves
24,18001,acheres
75,19181,saint-augustin
75,19229,saint-pantaleon-de-larche
27,21390,marsannay-la-cote
53,22136,loudeac
53,22187,plerin
53,22211,ploubezre
53,22226,ploumilliau
53,22266,rostrenen
75,23165,royere-de-vassiviere
75,23186,saint-christophe
27,25411,morteau
27,25519,saint-hippolyte
84,26006,allex
84,26057,bourg-de-peage
84,26215,la-motte-chalancon
84,26252,portes-les-valence
84,26348,taulignan
28,27243,fiquefleur-equainville
24,28134,dreux
24,28329,saint-christophe
53,29001,argol
53,29124,lesneven
94,2B314,santo-pietro-di-tenda
76,30083,codognan
76,30112,fons
76,30194,peyremale
76,30254,saint-genies-de-comolas
76,30283,saint-martial
76,31035,auzeville-tolosane
76,31291,leguevin
76,31341,merville
76,31375,montesquieu-volvestre
76,31582,villefranche-de-lauragais
76,32147,gimont
75,33012,arsac
75,33085,camblanes-et-meynac
75,33140,creon
75,33231,laroque
75,33274,martillac
75,33352,la-reole
75,33417,sainte-helene
75,33420,saint-hippolyte
75,33440,saint-martial
75,33554,yvrac
75,33555,marcheprime
76,34042,brissac
76,34128,laroque
76,34148,maraussan
76,34186,octon
76,34310,thezan-les-beziers
76,34343,viols-le-fort
53,35066,chartres-de-bretagne
53,35211,paimpont
53,35224,plerguer
53,35240,le-rheu
53,35353,vezin-le-coquet
53,35358,la-ville-es-nonais
24,37157,montresor
24,37171,noizay
24,37185,poce-sur-cisse
24,37221,saint-hippolyte
84,38075,chapareillan
84,38150,domene
84,38249,montbonnot-saint-martin
84,38314,pontcharra
84,38326,prunieres
84,38423,saint-martin-le-vinoux
84,38504,theys
84,38509,la-tour-du-pin
84,38517,tullins
84,38562,vizille
84,38565,voreppe
27,39275,lamoura
27,39348,montaigu
75,40134,labouheyre
75,40281,saint-pierre-du-mont
24,41051,chissay-en-touraine
24,41067,cour-cheverny
24,41164,noyers-sur-cher
24,41220,saint-laurent-nouan
84,43040,brioude
84,43089,espaly-saint-marcel
84,43137,monistrol-sur-loire
84,43262,vieille-brioude
52,44018,bouaye
52,44068,guenrouet
52,44070,la-haie-fouassiere
52,44074,indre
52,44120,le-pellerin
24,45040,bonny-sur-loire
24,45147,fleury-les-aubrais
76,46108,fons
75,47278,saint-sernin
76,48121,prunieres
76,48155,saint-germain-de-calberte
76,48157,sainte-helene
76,48198,villefort
52,49015,avrille
28,50523,sainte-mere-eglise
44,51573,tinqueux
52,53147,mayenne
44,54482,saint-max
44,55029,bar-le-duc
53,56067,grand-champ
53,56096,landaul
53,56137,monterblanc
53,56196,rochefort-en-terre
53,56220,sainte-helene
27,58079,clamecy
27,58263,saint-pierre-du-mont
32,59273,gravelines
32,59295,hazebrouck
32,59400,merville
32,62691,saint-augustin
84,63003,ambert
84,63077,chambon-sur-lac
84,63380,saint-nectaire
84,63448,vernet-la-varenne
75,64132,bizanos
75,64282,jatxou
75,64519,serres-castet
76,65078,beaudean
76,66059,corneilla-del-vercol
76,66075,eyne
76,66105,matemale
76,66176,saint-hippolyte
76,66217,trouillas
76,66230,vinca
44,67130,erstein
44,67256,lampertheim
44,67343,oberhausbergen
44,67371,la-petite-pierre
44,67397,rhinau
44,67411,rosheim
44,67471,souffelweyersheim
44,68111,gueberschwihr
44,68134,herrlisheim-pres-colmar
44,68256,pfastatt
44,68296,saint-hippolyte
44,68315,soultz-haut-rhin
84,69185,saint-christophe
84,69199,saint-fons
27,70289,igny
27,71090,la-chapelle-de-guinchay
27,71426,sainte-helene
52,72132,la-ferte-bernard
52,72264,sable-sur-sarthe
84,73087,cognin
84,73103,drumettaz-clarafond
84,73191,novalaise
84,73219,saint-alban-de-montbel
84,73222,saint-alban-leysse
84,73229,saint-christophe
84,73258,saint-martin-de-la-porte
84,74002,alby-sur-cheran
84,74038,bogeve
84,74096,cruseilles
84,74146,larringes
84,74171,massongy
84,74219,quintal
84,74286,vacheresse
28,76216,deville-les-rouen
28,76515,quiberville
11,77001,acheres-la-foret
11,77006,arbonne-la-foret
11,77053,brie-comte-robert
11,77122,combs-la-ville
11,77131,coulommiers
11,77285,le-mee-sur-seine
11,77382,quincy-voisins
11,77400,saint-augustin
11,78005,acheres
11,78350,louveciennes
11,78383,maurepas
75,79045,bouin
32,80016,albert
32,80521,maurepas
76,81222,realmont
76,81245,saint-christophe
93,83014,baudinard-sur-verdon
93,84077,modene
52,85010,avrille
52,85029,bouin
52,85078,damvix
52,85119,les-landes-genusson
52,85146,montaigu
52,85155,mouilleron-le-captif
52,85160,nesmy
52,85284,soullans
52,85296,treize-vents
75,86214,saint-benoit
75,86217,saint-christophe
75,86222,saint-georges-les-baillargeaux
44,88418,sainte-helene
11,91312,igny
11,91425,montlhery
11,91434,morsang-sur-orge
11,91479,paray-vieille-poste
11,91689,wissous
11,94001,ablon-sur-seine
11,95523,la-roche-guyon
11,95637,vaureal
4,97402,bras-panon
4,97410,saint-benoit
